{
    "accuracy": 0.7849538679914834,
    "precision": 0.6187290969899666,
    "recall": 0.4946524064171123,
    "f1_score": 0.549777117384844,
    "roc_auc": 0.8248417680642744
}