{
    "accuracy": 0.7899219304471257,
    "precision": 0.6344827586206897,
    "recall": 0.4919786096256685,
    "f1_score": 0.5542168674698795,
    "roc_auc": 0.8217042548244595
}