{
    "accuracy": 0.7650816181689141,
    "precision": 0.5401869158878505,
    "recall": 0.7727272727272727,
    "f1_score": 0.6358635863586358,
    "roc_auc": 0.8448409930507117
}